case_id,n,k,family,T,profile,repetitions,mean,sd,minimum,maximum,median_seconds,maximum_iterations
0,4,2,rank8_rotated,256,PLS,5,1.3921897238546592,0.03566363881041945,1.3556605997517372,1.4474503369338039,0.0034363120794296265,0
0,4,2,rank8_rotated,256,OMD,5,1.4744727433057228,0.05720243012087875,1.4187669592356489,1.5676213419633722,0.025870549958199263,20
0,4,2,rank8_rotated,256,MW_PLS,5,1.314186297741357,0.03552428720241274,1.2828398271026993,1.369755795966496,0.011523291934281588,9
0,4,2,rank8_rotated,256,OMD_tight,5,1.5176092088042392,0.03382665386058342,1.4716676478257937,1.5661073744970517,0.3641386179951951,640
0,4,2,rank8_rotated,4096,PLS,5,0.6893922122651597,0.03701074316931106,0.6448720848232148,0.7247966270841342,0.0009471849771216512,0
0,4,2,rank8_rotated,4096,OMD,5,0.7543063828658394,0.05550159192804457,0.7001142435463641,0.8213129861463415,0.025596296996809542,20
0,4,2,rank8_rotated,4096,MW_PLS,5,0.6764523794643802,0.040454169711509065,0.624631601565423,0.712954036819387,0.08594336500391364,168
0,4,2,rank8_rotated,4096,OMD_tight,5,0.7900137015646804,0.03231861445273287,0.7512832172937509,0.8354993078263617,0.6770235329167917,840
0,4,2,rank8_rotated,65536,PLS,5,0.19963220020378117,0.005405105245264134,0.19143101456283332,0.20530534086454932,0.000964217004366219,0
0,4,2,rank8_rotated,65536,OMD,5,0.19958467757234205,0.004929967364949896,0.19301159559628867,0.20564201237911706,0.024860049015842378,20
0,4,2,rank8_rotated,65536,MW_PLS,5,0.20041509001764202,0.004213904797665537,0.19409772003135126,0.20569154125952044,1.3350155039224774,2649
0,4,2,rank8_rotated,65536,OMD_tight,5,0.23377943925274774,0.013385778595906077,0.21404532612580074,0.24534873772675933,2.2058564260369167,2480
0,4,2,rank8_rotated,1048576,PLS,5,0.0492219705910346,0.005018402514911924,0.044895696192005716,0.057540092196893815,0.0009954249253496528,0
0,4,2,rank8_rotated,1048576,OMD,5,0.049288321690304907,0.004995005071010148,0.04489090063165274,0.05757374831470007,0.024450788972899318,40
0,4,2,rank8_rotated,1048576,MW_PLS,5,0.04994891939004888,0.0049092545629268545,0.04554134633911405,0.05815472834988816,17.353308949037455,41038
0,4,2,rank8_rotated,1048576,OMD_tight,5,0.057910443310513426,0.0038052989010541965,0.052593710211670905,0.06164710730230305,7.153785642934963,13780
1,4,2,polynomial_rotated,256,PLS,5,1.1085699866267713,0.046980758420036524,1.03032916540869,1.152553920010916,0.0024876330280676484,0
1,4,2,polynomial_rotated,256,OMD,5,1.1879697845783599,0.09103288689589992,1.0886565123388126,1.3014142009372924,0.025603932910598814,20
1,4,2,polynomial_rotated,256,MW_PLS,5,1.0412421336220703,0.0761052284325558,0.9460019246390208,1.1541829034664397,0.005666202981956303,5
1,4,2,polynomial_rotated,256,OMD_tight,5,1.1966767504069313,0.09938586622495078,1.0921671768372387,1.3208418554980232,0.31577334203757346,420
1,4,2,polynomial_rotated,4096,PLS,5,0.5108271902847022,0.0323802816168488,0.46691438446938105,0.5497923447041861,0.0009967649821192026,0
1,4,2,polynomial_rotated,4096,OMD,5,0.561379798896299,0.024347544438627553,0.5268331894264336,0.5891350356976954,0.02685917599592358,20
1,4,2,polynomial_rotated,4096,MW_PLS,5,0.47331453767556414,0.02657809448501731,0.446932477294791,0.5033684742918584,0.05135167692787945,107
1,4,2,polynomial_rotated,4096,OMD_tight,5,0.577521810460589,0.024756128587509155,0.5428656941944483,0.6048982947855743,0.8075260859914124,900
1,4,2,polynomial_rotated,65536,PLS,5,0.18039026784453194,0.0038443953848594776,0.17692003487398322,0.18537165997588453,0.0009280709782615304,0
1,4,2,polynomial_rotated,65536,OMD,5,0.1799609211246565,0.003646682453201511,0.17594699841643646,0.1845983414826761,0.0247223210753873,20
1,4,2,polynomial_rotated,65536,MW_PLS,5,0.1707831399235058,0.0035402879556527935,0.16570142247342484,0.17438022355442018,0.671344356960617,1384
1,4,2,polynomial_rotated,65536,OMD_tight,5,0.20347168155601988,0.012534343971183715,0.19205837385763486,0.22087305781107913,1.6000336359720677,2860
1,4,2,polynomial_rotated,1048576,PLS,5,0.05547976188059676,0.0037622199252276356,0.05119374793258655,0.06109170113297538,0.0009167789248749614,0
1,4,2,polynomial_rotated,1048576,OMD,5,0.055467333012863475,0.0037389495972108026,0.051175666406206334,0.06102281221262173,0.02408241806551814,20
1,4,2,polynomial_rotated,1048576,MW_PLS,5,0.05282821152864634,0.0036058722895013252,0.048875964439236086,0.05819705203279693,5.387830481980927,15953
1,4,2,polynomial_rotated,1048576,OMD_tight,5,0.0556904211771269,0.003943365629582115,0.05119412594190843,0.06168736425344968,6.459584803902544,37680
2,4,4,rank8_rotated,256,PLS,5,1.3941307757473955,0.06526062692704239,1.3051954632115814,1.4642907533861766,0.000879768980666995,0
2,4,4,rank8_rotated,256,OMD,5,1.3941307757473955,0.06526062692704239,1.3051954632115814,1.4642907533861766,0.0005185820627957582,0
2,4,4,rank8_rotated,256,MW_PLS,5,1.3941307757473955,0.06526062692704239,1.3051954632115814,1.4642907533861766,0.0005818860372528434,0
2,4,4,rank8_rotated,256,OMD_tight,5,1.3941307757473955,0.06526062692704239,1.3051954632115814,1.4642907533861766,0.0005053470376878977,0
2,4,4,rank8_rotated,4096,PLS,5,0.6831618081799751,0.02856505438900842,0.6371018151856993,0.709485706730279,0.0006057349964976311,0
2,4,4,rank8_rotated,4096,OMD,5,0.6831618081799751,0.02856505438900842,0.6371018151856993,0.709485706730279,0.0006331260083243251,0
2,4,4,rank8_rotated,4096,MW_PLS,5,0.6831618081799751,0.02856505438900842,0.6371018151856993,0.709485706730279,0.0006980920443311334,0
2,4,4,rank8_rotated,4096,OMD_tight,5,0.6831618081799751,0.02856505438900842,0.6371018151856993,0.709485706730279,0.0006556019652634859,0
2,4,4,rank8_rotated,65536,PLS,5,0.19741376702392172,0.009965996420224457,0.18238907601577314,0.205404031640478,0.0006447170162573457,0
2,4,4,rank8_rotated,65536,OMD,5,0.19741376702392172,0.009965996420224457,0.18238907601577314,0.205404031640478,0.0005529359914362431,0
2,4,4,rank8_rotated,65536,MW_PLS,5,0.19741376702392172,0.009965996420224457,0.18238907601577314,0.205404031640478,0.0006151830311864614,0
2,4,4,rank8_rotated,65536,OMD_tight,5,0.19741376702392172,0.009965996420224457,0.18238907601577314,0.205404031640478,0.0005308249965310097,0
2,4,4,rank8_rotated,1048576,PLS,5,0.049489683263973974,0.003595644480616342,0.04568713376153502,0.05534217637384767,0.0006357510574162006,0
2,4,4,rank8_rotated,1048576,OMD,5,0.049489683263973974,0.003595644480616342,0.04568713376153502,0.05534217637384767,0.0005773160373792052,0
2,4,4,rank8_rotated,1048576,MW_PLS,5,0.049489683263973974,0.003595644480616342,0.04568713376153502,0.05534217637384767,0.000594344106502831,0
2,4,4,rank8_rotated,1048576,OMD_tight,5,0.049489683263973974,0.003595644480616342,0.04568713376153502,0.05534217637384767,0.0006004540482535958,0
